"Alabaster – First St N #5567","https://locations.arbys.com/al/alabaster/652-first-st-n.html"
"Bessemer – Methodist Cir #7118","https://locations.arbys.com/al/bessemer/3990-methodist-cir.html"
"Birmingham – 7th Ave #268","https://locations.arbys.com/al/birmingham/2100-7th-ave-s.html"
"Birmingham – Hwy 280 S #5301","https://locations.arbys.com/al/birmingham/4615-highway-280.html"
"Birmingham – Parkway E #306","https://locations.arbys.com/al/birmingham/9332-parkway-e.html"
"Clanton – Arby Dr #7963","https://locations.arbys.com/al/clanton/300-arby-dr.html"
"Evergreen – Highway 84 #8358","https://locations.arbys.com/al/evergreen/1101-highway-84.html"
"Forestdale – Forestdale Blvd #5515","https://locations.arbys.com/al/forestdale/996-forestdale-blvd.html"
"Gardendale – Fieldstown Rd #5512","https://locations.arbys.com/al/gardendale/544-fieldstown-rd.html"
"Homewood – 28th Ave S #7448","https://locations.arbys.com/al/homewood/1915-28th-ave-s.html"
"Hoover – Lorna Rd #7237","https://locations.arbys.com/al/hoover/3775-lorna-rd.html"
"Hueytown – River Square Plz #7650","https://locations.arbys.com/al/hueytown/105-river-square-plz.html"
"Jasper – Highway 78 E #7066","https://locations.arbys.com/al/jasper/2701-hwy-78-e.html"
"Loxley – Flying K Rd #7110","https://locations.arbys.com/al/loxley/126-flying-k-rd.html"
"Mobile – Inn Rd #1891","https://locations.arbys.com/al/mobile/5466-inn-rd.html"
"Prattville – E Main St #5664","https://locations.arbys.com/al/prattville/1700-e-main-st.html"
"Satsuma – US 43 S #7263","https://locations.arbys.com/al/satsuma/6109-us-43-s.html"
"Tuscaloosa – University Blvd E #5566","https://locations.arbys.com/al/tuscaloosa/211-university-blvd-e.html"
"Apache Junction – W Apache Trail #5410","https://locations.arbys.com/az/apachejunction/2323-w-apache-trail.html"
"Chandler – W Sundust #7640","https://locations.arbys.com/az/chandler/7001-w-sundust-rd-5022.html"
"Eloy – North Sunland Gin Road #6895","https://locations.arbys.com/az/eloy/5000-north-sunland-gin-road.html"
"Glendale – W Thunderbird Rd #5186","https://locations.arbys.com/az/glendale/4906-w-thunderbird-rd.html"
"Willcox #8902","https://locations.arbys.com/az/willcox/1600-n-fort-grant-rd.html"
"Coachella – Dillon Rd #7210","https://locations.arbys.com/ca/coachella/46155-dillon-rd.html"
"Corning – S Hwy 99 W #7161","https://locations.arbys.com/ca/corning/3524-s-hwy-99-w.html"
"Fresno – N Blackstone Ave #1967","https://locations.arbys.com/ca/fresno/6410-n-blackstone-ave.html"
"Hesperia – E Main Street #7741","https://locations.arbys.com/ca/hesperia/13140-e.-main-street.html"
"Lost Hills – Highway 46 #7387","https://locations.arbys.com/ca/losthills/21948-highway-46.html"
"Pilot Travel Centers #9098","https://locations.arbys.com/ca/rialto/2325-sierra-lakes-pkwy.html"
"Ripon – Colony Rd #7228","https://locations.arbys.com/ca/ripon/1553-colony-rd.html"
"Salinas #9075","https://locations.arbys.com/ca/salinas/1267-de-la-torre.html"
"Burlington – S Lincoln St #5416","https://locations.arbys.com/co/burlington/300-s-lincoln-st.html"
"Canon City #9023","https://locations.arbys.com/co/canoncity/690-doc-holiday-drive.html"
"Fort Carson – Prussman Blvd #8383","https://locations.arbys.com/co/fortcarson/1804-prussman-blvd..html"
"Fort Morgan – N Main St #5241","https://locations.arbys.com/co/fortmorgan/1218-n-main-st.html"
"Longmont – Turner Blvd #6377","https://locations.arbys.com/co/longmont/10809-turner-blvd.html"
"Selbyville – S Dupont Hwy #7154","https://locations.arbys.com/de/selbyville/38452-dupont-blvd.html"
"Woodside – South Dupont Hwy #6545","https://locations.arbys.com/de/woodside/6928-south-dupont-hwy.html"
"Davenport – Hwy 27 #8467","https://locations.arbys.com/fl/davenport/45000-hwy-27.html"
"Fort Pierce – Okeechobee Rd #6742","https://locations.arbys.com/fl/fortpierce/7150-okeechobee-rd.html"
"Jacksonville – Jones Branch Rd #8529","https://locations.arbys.com/fl/jacksonville/4075-jones-branch-rd..html"
"Jasper – 61 Way #8394","https://locations.arbys.com/fl/jasper/11459-southwest-61-way.html"
"Lee – SE County Rd 255 #8225","https://locations.arbys.com/fl/lee/3204-se-county-rd-255.html"
"Marianna – Hwy 71 #6511","https://locations.arbys.com/fl/marianna/2209-hwy-71.html"
"Ocala – W Hwy 326 #7416","https://locations.arbys.com/fl/ocala/4032-w-highway-326.html"
"Okeechobee – S Parrott Ave #5541","https://locations.arbys.com/fl/okeechobee/417-s-parrott-ave.html"
"Ormond Beach – US Highway 1 #7779","https://locations.arbys.com/fl/ormondbeach/1657-us-highway-1.html"
"Polk City – State Road 559 #7411","https://locations.arbys.com/fl/polkcity/1800-state-road-559.html"
"Punta Gorda – Jones Loop Rd #7265","https://locations.arbys.com/fl/puntagorda/26505-jones-loop-rd.html"
"Seffner – Tampa Gateway Blvd #7324","https://locations.arbys.com/fl/seffner/11706-tampa-gateway-blvd.html"
"Vero Beach – S US Hwy 1 #6124","https://locations.arbys.com/fl/verobeach/1605-s-us-hwy-1.html"
"Byron – Hwy 247 C #6920","https://locations.arbys.com/ga/byron/2965-hwy-247-c.html"
"Calhoun – Red Bud Rd #5332","https://locations.arbys.com/ga/calhoun/1098-red-bud-rd.html"
"Cordele – E 16th Ave #7417","https://locations.arbys.com/ga/cordele/2201-e-16th-ave.html"
"Dalton – Connector 3 SW #6180","https://locations.arbys.com/ga/dalton/244-connector-3-sw.html"
"Ft Benning – Division Rd #8398","https://locations.arbys.com/ga/ft-benning/8th-division-rd..html"
"Ft Benning – Merchant Street & Oark Street #8479","https://locations.arbys.com/ga/ft-benning/merchant-street-oark-street.html"
"Hogansville – Bass Cross Rd #8224","https://locations.arbys.com/ga/hogansville/1621-bass-cross-rd.html"
"La Grange – New Franklin Rd #1118","https://locations.arbys.com/ga/lagrange/115-new-franklin-rd.html"
"Lake Park – Bellville Rd #7277","https://locations.arbys.com/ga/lakepark/6901-bellville-rd.html"
"Savannah – Skidaway Rd #5249","https://locations.arbys.com/ga/savannah/2635-skidaway-rd.html"
"Savannah – W Highway 80 #1925","https://locations.arbys.com/ga/savannah/220-w-highway-80.html"
"Chubbuck – Yellowstone Avenue #7951","https://locations.arbys.com/id/chubbuck/4501-yellowstone-avenue.html"
"Mountain Home – Highway 20 #7103","https://locations.arbys.com/id/mountainhome/1050-hwy-20.html"
"Sandpoint – 5th Ave #6248","https://locations.arbys.com/id/sandpoint/420-5th-ave.html"
"Kankakee – S Route 45/52 #8388","https://locations.arbys.com/il/kankakee/3333-s.-route-45-52.html"
"Leroy – South Persimmon Dr #7993","https://locations.arbys.com/il/leroy/505-south-persimmon-dr.html"
"Mattoon – Charleston Ave #5460","https://locations.arbys.com/il/mattoon/815-charleston-ave.html"
"Minooka – Ridge Rd #6840","https://locations.arbys.com/il/minooka/301-ridge-rd.html"
"Ottawa – Columbus St #7526","https://locations.arbys.com/il/ottawa/4131-columbus-st.html"
"Peoria – N Allen Rd #7525","https://locations.arbys.com/il/peoria/9015-n-allen-rd.html"
"Romeoville – Lakeview Dr #604","https://locations.arbys.com/il/romeoville/1245-lakeview-dr.html"
"Tinley Park – 179th St #7160","https://locations.arbys.com/il/tinleypark/9550-179th-st-w-9550.html"
"Troy – Edwardsville Rd #6743","https://locations.arbys.com/il/troy/820-edwardsville-rd.html"
"Auburn – Touring Dr #5245","https://locations.arbys.com/in/auburn/111-touring-dr.html"
"Bedford – 29th St #5709","https://locations.arbys.com/in/bedford/3216-29th-st.html"
"Bloomington – W State Rd #7122","https://locations.arbys.com/in/bloomington/3601-w-state-rd-46.html"
"Boonville – Liberty Blvd #7547","https://locations.arbys.com/in/boonville/3233-liberty-blvd.html"
"Brookville – US 52 #5649","https://locations.arbys.com/in/brookville/11131-us-52.html"
"Chesterton – Plaza Dr #6514","https://locations.arbys.com/in/chesterton/706-plaza-dr.html"
"Columbia City – N Main St #6239","https://locations.arbys.com/in/columbiacity/540-n-main-st.html"
"Covington – N State Rd 63 #7120","https://locations.arbys.com/in/covington/16502-n-state-rd-63.html"
"Decatur – 13th St #5915","https://locations.arbys.com/in/decatur/1312-s-13th-st.html"
"Demotte – W Street Road 10 #8386","https://locations.arbys.com/in/demotte/11207-w.-street-road-10.html"
"Elkhart – Cr 17 #7517","https://locations.arbys.com/in/elkhart/113-cr-17.html"
"Elkhart – Emerson Dr #7316","https://locations.arbys.com/in/elkhart/465-emerson-dr.html"
"Evansville – 1st Ave #7255","https://locations.arbys.com/in/evansville/3600-n-1st-ave.html"
"Evansville – University Dr #5754","https://locations.arbys.com/in/evansville/4650-university-dr.html"
"Fishers – Olivia Way #8086","https://locations.arbys.com/in/fishers/13910-olivia-way-suite-104.html"
"Fort Wayne – Bluffton Rd #6395","https://locations.arbys.com/in/fortwayne/6759-bluffton-rd.html"
"Fort Wayne – E Rudisill Blvd #50","https://locations.arbys.com/in/fortwayne/408-e-rudisill-blvd.html"
"Fort Wayne – E State Blvd #743","https://locations.arbys.com/in/fortwayne/3524-e-state-blvd.html"
"Fort Wayne – E Washington Center Rd #1201","https://locations.arbys.com/in/fortwayne/333-e-washington-center-rd.html"
"Fort Wayne – East Dupont Rd #7692","https://locations.arbys.com/in/fortwayne/3910-e-dupont-rd.html"
"Fort Wayne – Falls Dr #6396","https://locations.arbys.com/in/fortwayne/5755-falls-dr.html"
"Fort Wayne – Illinois Rd #1037","https://locations.arbys.com/in/fortwayne/4728-illinois-rd.html"
"Fort Wayne – Lima Rd #7878","https://locations.arbys.com/in/fortwayne/9831-lima-rd.html"
"Fort Wayne – Stellhorn Rd #744","https://locations.arbys.com/in/fortwayne/6002-stellhorn-rd.html"
"Fort Wayne – W Coliseum Blvd #54","https://locations.arbys.com/in/fortwayne/220-w-coliseum-blvd.html"
"Fort Wayne – W Jefferson Blvd #7510","https://locations.arbys.com/in/fortwayne/610-w-jefferson-blvd.html"
"Fort Wayne – W State Blvd #5054","https://locations.arbys.com/in/fortwayne/904-w-state-blvd.html"
"Frankfort – E Wabash St #7348","https://locations.arbys.com/in/frankfort/2446-e-wabash-st.html"
"Goshen – Lincoln Way E #6705","https://locations.arbys.com/in/goshen/2022-lincoln-way-e.html"
"Greensburg – N Lincoln St #6726","https://locations.arbys.com/in/greensburg/1918-n-lincoln-st.html"
"Hobart – W 61st  Ave #7037","https://locations.arbys.com/in/hobart/4651-w-61st-ave.html"
"Kendallville – W North St #6565","https://locations.arbys.com/in/kendallville/450-w-north-st.html"
"La Porte – Pine Lake Avenue #7956","https://locations.arbys.com/in/laporte/227-pine-lake-avenue.html"
"La Porte – W State #1533","https://locations.arbys.com/in/laporte/1102-w-state-rd-2.html"
"Lafayette – Sagamore Pkwy S #7595","https://locations.arbys.com/in/lafayette/2219-sagamore-pkwy-s.html"
"Lafayette – State Road #6368","https://locations.arbys.com/in/lafayette/4066-south-st.html"
"Lebanon – W State Rad #6259","https://locations.arbys.com/in/lebanon/1250-w-state-road-32.html"
"Madison – Clifty Dr #1655","https://locations.arbys.com/in/madison/1221-clifty-dr.html"
"Marion – Corridor Dr #6919","https://locations.arbys.com/in/marion/6308-corridor-dr.html"
"Marion – N Baldwin Ave #127","https://locations.arbys.com/in/marion/1001-n-baldwin-ave.html"
"Memphis – Memphis Blue Lick Rd #6907","https://locations.arbys.com/in/memphis/14013-memphis-blue-lick-rd.html"
"Mitchell – Hwy 37 #5214","https://locations.arbys.com/in/mitchell/3159-hwy-37.html"
"Muncie – S Madison St #6710","https://locations.arbys.com/in/muncie/2304-s-madison-st.html"
"Muncie – Wheeling Ave #111","https://locations.arbys.com/in/muncie/2908-wheeling-ave.html"
"New Haven – State Road 930 W #6222","https://locations.arbys.com/in/newhaven/336-state-road-930-w.html"
"Peru – W Main St #1698","https://locations.arbys.com/in/peru/812-w-main-st.html"
"Portland – N Meridian St #6727","https://locations.arbys.com/in/portland/701-n-meridian-st.html"
"Salem – N Mill St #7606","https://locations.arbys.com/in/salem/301-n-mill-st.html"
"Warsaw – Lake City Hwy #1017","https://locations.arbys.com/in/warsaw/3358-lake-city-hwy.html"
"Whiteland – N 300 E #6639","https://locations.arbys.com/in/whiteland/5115-n-300-e.html"
"Council Bluffs – 24th St #6534","https://locations.arbys.com/ia/councilbluffs/2647-s-24th-st.html"
"Davenport – Northwest Blvd #8410","https://locations.arbys.com/ia/davenport/8255-northwest-blvd..html"
"Dows – Cardinal Avenue #8324","https://locations.arbys.com/ia/dows/904-cardinal-avenue.html"
"Holland – N Avenue #7715","https://locations.arbys.com/ia/holland/16250-n.-avenue.html"
"Mt Pleasant – North Grande Ave #8456","https://locations.arbys.com/ia/mt-pleasant/1300-north-grande-ave..html"
"Walcott – N Plainview Rd #7264","https://locations.arbys.com/ia/walcott/3500-n-plainview-rd.html"
"Hays – Vine Street #1822","https://locations.arbys.com/ks/hays/3501-vine-street.html"
"Benton – US Hwy 68 #6482","https://locations.arbys.com/ky/benton/58-us-hwy-68-w.html"
"Calvert City – US Hwy 62 #7785","https://locations.arbys.com/ky/calvertcity/2966-us-hwy-62.html"
"Dry Ridge – Blackburn Lane #5384","https://locations.arbys.com/ky/dryridge/65-blackburn-lane.html"
"Ermine – Highway 119 N #7684","https://locations.arbys.com/ky/ermine/1766-highway-119-n.html"
"Hazard – Commerce Drive #1950","https://locations.arbys.com/ky/hazard/86-commerce-drive.html"
"Henderson – Highway 41 N #1957","https://locations.arbys.com/ky/henderson/2067-hwy-41-n.html"
"Hindman – Hwy 160 #6583","https://locations.arbys.com/ky/hindman/2021-hwy-160.html"
"Hopkinsville – 7th St #6199","https://locations.arbys.com/ky/hopkinsville/1115-w-7th-st.html"
"Jeffersontown – Ky Mill Rd #5766","https://locations.arbys.com/ky/jeffersontown/1640-ky-mill-rd.html"
"Lexington – Palomar Center #6228","https://locations.arbys.com/ky/lexington/3740-palomar-center.html"
"Lexington – Tates Creek Rd #5246","https://locations.arbys.com/ky/lexington/3391-tates-creek-rd.html"
"Louisville – Crittenden Dr #7349","https://locations.arbys.com/ky/louisville/2804-crittenden-dr.html"
"Madisonville – N Main St #1639","https://locations.arbys.com/ky/madisonville/1375-n-main-st.html"
"Morehead – W Main St #5479","https://locations.arbys.com/ky/morehead/125-w-main-st.html"
"Mount Sterling – Maysville Rd #5356","https://locations.arbys.com/ky/mountsterling/694-maysville-rd.html"
"Mount Washington – Village Lane #6964","https://locations.arbys.com/ky/mountwashington/360-village-lane.html"
"Nicholasville – S Main St #5938","https://locations.arbys.com/ky/nicholasville/902-s-main-st.html"
"Owensboro – Villa Point #7806","https://locations.arbys.com/ky/owensboro/3401-villa-point.html"
"Paintsville – Mayo Plaza #1547","https://locations.arbys.com/ky/paintsville/455-mayo-plaza.html"
"Richmond – Colonel Rd #7486","https://locations.arbys.com/ky/richmond/3799-colonel-rd.html"
"Russell Springs – Maple Street #5704","https://locations.arbys.com/ky/russellsprings/966-maple-street.html"
"Russellville – 9th St #5940","https://locations.arbys.com/ky/russellville/1110-w-9th-st.html"
"Shelbyville – Taylorsville Rd #1719","https://locations.arbys.com/ky/shelbyville/810-taylorsville-rd.html"
"Shepherdsville – E Hwy 44 #5617","https://locations.arbys.com/ky/shepherdsville/1208-e-hwy-44.html"
"Stanford – Vincent Dr #6644","https://locations.arbys.com/ky/stanford/102-vincent-dr.html"
"Whitley City – North Hwy 27 #5294","https://locations.arbys.com/ky/whitleycity/1376-north-hwy-27.html"
"Winchester – McCormick Dr #1951","https://locations.arbys.com/ky/winchester/100-mccormick-dr.html"
"Breaux Bridge – Rees St #7104","https://locations.arbys.com/la/breauxbridge/2112-rees-st.html"
"Greenwood – Highway 80 #7410","https://locations.arbys.com/la/greenwood/9600-highway-80.html"
"Hammond – Sw Railroad Ave #6030","https://locations.arbys.com/la/hammond/2111-sw-railroad-ave.html"
"Haughton – N Elm St #7209","https://locations.arbys.com/la/haughton/490-n-elm-st.html"
"Iowa – Lowe-Grout Rd #8504","https://locations.arbys.com/la/iowa/1119-lowe-grout-rd..html"
"Minden – Industrial Dr #7790","https://locations.arbys.com/la/minden/13510-industrial-dr.html"
"Port Allen – Lobdell Hwy S #6954","https://locations.arbys.com/la/portallen/751-lobdell-hwy-s.html"
"Richmond – Highway 65 S #7309","https://locations.arbys.com/la/richmond/227-hwy-65-s.html"
"Vinton – West St #7954","https://locations.arbys.com/la/vinton/2024-west-st.html"
"Baltimore – Friendship Road, Bldg 100 #7941","https://locations.arbys.com/md/baltimore/7050-friendship-road-bldg-100.html"
"Beltsville – Baltimore Blvd #6773","https://locations.arbys.com/md/beltsville/10425-baltimore-blvd.html"
"Chestertown – Washington Ave #7338","https://locations.arbys.com/md/chestertown/707-washington-ave.html"
"Denton – 6th St #7195","https://locations.arbys.com/md/denton/10510-greensboro-rd.html"
"Grantsville – Chestnut Ridge Rd #7992","https://locations.arbys.com/md/grantsville/3000-chestnut-ridge-rd.html"
"Hyattsville – University Blvd. #8405","https://locations.arbys.com/md/hyattsville/2001-university-blvd..html"
"La Vale – National Hwy #1589","https://locations.arbys.com/md/lavale/1206-national-hwy.html"
"Pocomoke City – Stockton Rd #6432","https://locations.arbys.com/md/pocomokecity/2322-stockton-rd.html"
"Salisbury – N Salisbury Blvd #5313","https://locations.arbys.com/md/salisbury/2350-n-salisbury-blvd.html"
"Salisbury – Summer Dr #8587","https://locations.arbys.com/md/salisbury/31942-summer-dr..html"
"Salisbury – Ward St #1595","https://locations.arbys.com/md/salisbury/116-ward-st.html"
"Dexter – Baker Rd #6169","https://locations.arbys.com/mi/dexter/195-baker-rd.html"
"Flint – 23 Drive #7965","https://locations.arbys.com/mi/flint/6053-hill-23-drive.html"
"Grayling – Nelson A Miles Pkwy #6763","https://locations.arbys.com/mi/grayling/5800-nelson-a-miles-pkwy.html"
"Holland – Interchange Dr #8503","https://locations.arbys.com/mi/holland/853-interchange-dr..html"
"St. Louis Park – Park Place Blvd #6671","https://locations.arbys.com/mn/st-louispark/1690-park-place-blvd.html"
"Thief River Falls – 3rd St W #7871","https://locations.arbys.com/mn/thiefriverfalls/225-3rd-st.-w..html"
"Canton – W Peace St #7111","https://locations.arbys.com/ms/canton/1545-w-peace-st.html"
"Corinth – E Hwy 72 #6782","https://locations.arbys.com/ms/corinth/706-e-hwy-72.html"
"Hernando – East Commerce St #8027","https://locations.arbys.com/ms/hernando/1020-east-commerce-st.html"
"Lucedale #9074","https://locations.arbys.com/ms/lucedale/2127-hopper-road.html"
"New Albany – Sate Highway 15 #6908","https://locations.arbys.com/ms/newalbany/500-state-highway-15-s.html"
"Poplarville – Hwy 26 East #8465","https://locations.arbys.com/ms/poplarville/720-hwy-26-east.html"
"Toomsuba – Will Garrett Road #6718","https://locations.arbys.com/ms/toomsuba/113-will-garrett-road.html"
"Wiggins #9092","https://locations.arbys.com/ms/wiggins/1180-west-frontage-drive.html"
"Hayti – Highway 84 E #7458","https://locations.arbys.com/mo/hayti/1701-highway-84-e.html"
"Herculaneum #9080","https://locations.arbys.com/mo/herculaneum/1199-mcnutt-st.html"
"St Joseph – N Belt Hwy #1794","https://locations.arbys.com/mo/st-joseph/1604-n-belt-hwy.html"
"Bozeman – Technology Blvd #8471","https://locations.arbys.com/mt/bozeman/3240-technology-blvd..html"
"Butte-Silver Bow – Harrison Ave #1937","https://locations.arbys.com/mt/butte-silverbow/3131-harrison-ave.html"
"Alliance – West 3rd St #5099","https://locations.arbys.com/ne/alliance/1324-west-3rd-st.html"
"Aurora – Madison Ave #7480","https://locations.arbys.com/ne/aurora/1539-madison-ave.html"
"Mccook – West B St #1712","https://locations.arbys.com/ne/mccook/900-west-b-st.html"
"North Platte – S Dewey St #1302","https://locations.arbys.com/ne/northplatte/1101-s-dewey-st.html"
"Ord – South 2nd Street #7762","https://locations.arbys.com/ne/ord/1111-south-2nd-street.html"
"Scottsbluff – W 27th St #1542","https://locations.arbys.com/ne/scottsbluff/601-w-27th-st.html"
"Sidney – Old Post Rd #6210","https://locations.arbys.com/ne/sidney/829-old-post-rd.html"
"Fernley – Commerce Center Dr #7456","https://locations.arbys.com/nv/fernley/825-commerce-center-dr.html"
"West Wendover – W Wendover Blvd #6956","https://locations.arbys.com/nv/westwendover/1200-w-wendover-blvd.html"
"Albuquerque – Coors Blvd #1819","https://locations.arbys.com/nm/albuquerque/3270-coors-blvd.html"
"Albuquerque – Mercantile Ave NE #7165","https://locations.arbys.com/nm/albuquerque/1416-mercantile-ave-ne.html"
"Las Cruces – E Lohman #6818","https://locations.arbys.com/nm/lascruces/2341-e-lohman.html"
"Lordsburg – E Motel Dr #6867","https://locations.arbys.com/nm/lordsburg/1050-e-motel-dr.html"
"Moriarty – US Route 66 #6788","https://locations.arbys.com/nm/moriarty/1515-us-route-66.html"
"Raton – Clayton Hwy #5776","https://locations.arbys.com/nm/raton/415-clayton-hwy.html"
"Santa Fe – Cerrillos Rd #1110","https://locations.arbys.com/nm/santafe/3267-cerrillos-rd.html"
"Silver City – US Hwy 180 E80 East #1986","https://locations.arbys.com/nm/silvercity/1940-us-hwy-180-e80-east.html"
"Tucumcari – Mountain Rd #7955","https://locations.arbys.com/nm/tucumcari/1900-mountain-rd.html"
"Bellmore – E Sunrise Hwy #8384","https://locations.arbys.com/ny/bellmore/409-e.-sunrise-hwy.html"
"Cortland – Clinton Ave #5315","https://locations.arbys.com/ny/cortland/158-clinton-ave.html"
"Fresh Meadows – Horace Harding Expy #7362","https://locations.arbys.com/ny/freshmeadows/175-14-horace-harding-expy.html"
"Middle Village – Metropolitan Avenue #7737","https://locations.arbys.com/ny/middlevillage/69-16-metropolitan-avenue.html"
"Newburgh – Route 17K #7507","https://locations.arbys.com/ny/newburgh/239-route-17k.html"
"Norwich – State Hwy 12 #5554","https://locations.arbys.com/ny/norwich/6151-state-hwy-12.html"
"Rome – Black River Rd #7949","https://locations.arbys.com/ny/rome/413-black-river-rd.html"
"Syracuse – Erie Blvd W #696","https://locations.arbys.com/ny/syracuse/787-erie-blvd-w.html"
"Watertown – Arsenal St #1899","https://locations.arbys.com/ny/watertown/957-arsenal-st.html"
"Whitney Point – NY Route 11 #6626","https://locations.arbys.com/ny/whitneypoint/2946-ny-route-11.html"
"Statesville – Turnersburg Hwy #7503","https://locations.arbys.com/nc/statesville/829-turnersburg-hwy.html"
"Warsaw – W North Carolina Hwy 24 #7441","https://locations.arbys.com/nc/warsaw/2574-w-north-carolina-hwy-24.html"
"Akron – E Exchange Street #8088","https://locations.arbys.com/oh/akron/292-e-exchange-street.html"
"Akron – E Market St #6937","https://locations.arbys.com/oh/akron/2073-e-market-st.html"
"Bluffton – State Route 103 #6014","https://locations.arbys.com/oh/bluffton/505-state-route-103.html"
"Bridgeport – Aetna St #7981","https://locations.arbys.com/oh/bridgeport/103-aetna-st.html"
"Brookville – Triggs Rd #5176","https://locations.arbys.com/oh/brookville/50-triggs-rd.html"
"Bucyrus – North Sandusky Ave #7910","https://locations.arbys.com/oh/bucyrus/700-north-sandusky-ave.html"
"Caldwell – Fairground Rd #6957","https://locations.arbys.com/oh/caldwell/44133-fairground-rd.html"
"Canfield – Talsman Dr #1670","https://locations.arbys.com/oh/canfield/13-talsman-dr.html"
"Centerville – Dayton Lebanon Pike #722","https://locations.arbys.com/oh/centerville/9268-dayton-lebanon-pike.html"
"Centerville – Yankee Street #7713","https://locations.arbys.com/oh/centerville/8301-yankee-street.html"
"Cincinnati – Beechmont Ave #140","https://locations.arbys.com/oh/cincinnati/7790-beechmont-ave.html"
"Cincinnati – Springdale Rd #131","https://locations.arbys.com/oh/cincinnati/3573-springdale-rd.html"
"Clyde – W Mcpherson Hwy #7466","https://locations.arbys.com/oh/clyde/1033-w-mcpherson-hwy.html"
"Dayton – Kettering Blvd #718","https://locations.arbys.com/oh/dayton/3021-kettering-blvd.html"
"Dayton – Maxton Rd #5841","https://locations.arbys.com/oh/dayton/3655-maxton-rd.html"
"Dayton – S Patterson Blvd #1194","https://locations.arbys.com/oh/dayton/160-s-patterson-blvd.html"
"Delaware – S. Sandusky St #8457","https://locations.arbys.com/oh/delaware/216-s.-sandusky-st..html"
"Delphos – E 5th St #7244","https://locations.arbys.com/oh/delphos/1850-e-5th-st.html"
"Eaton – N Barron St #6730","https://locations.arbys.com/oh/eaton/1715-n-barron-st.html"
"Fairborn – Colonel Glenn Hwy #5290","https://locations.arbys.com/oh/fairborn/2724-colonel-glenn-hwy.html"
"Fairborn – E Dayton Yellow-Springs Rd #5129","https://locations.arbys.com/oh/fairborn/1130-e-dayton-yellow-springs-rd.html"
"Findlay – Tiffin Ave #8369","https://locations.arbys.com/oh/findlay/2220-tiffin-ave..html"
"Fremont – W State St #6161","https://locations.arbys.com/oh/fremont/1128-w-state-st.html"
"Hillsboro – N High St #6303","https://locations.arbys.com/oh/hillsboro/1279-n-high-st.html"
"Lima – Bellefontaine Avenue #5511","https://locations.arbys.com/oh/lima/1420-bellefontaine-avenue.html"
"Lima – Elida Rd #33","https://locations.arbys.com/oh/lima/2393-elida-rd.html"
"Lima – Shawnee Rd #6520","https://locations.arbys.com/oh/lima/2535-shawnee-rd.html"
"London – Sr 42 Northeast #7420","https://locations.arbys.com/oh/london/1365-sr-42-ne.html"
"Arby's #9068","https://locations.arbys.com/oh/madison/1601-great-lakes-way.html"
"Marengo – State Route 61 #7418","https://locations.arbys.com/oh/marengo/488-state-route-61.html"
"Middlefield – W High St #5254","https://locations.arbys.com/oh/middlefield/15893-w-high-st.html"
"Niles – Youngstown Warren Rd #1976","https://locations.arbys.com/oh/niles/670-youngstown-warren-rd.html"
"North Baltimore – Deshier Rd #7791","https://locations.arbys.com/oh/northbaltimore/13190-deshier-rd.html"
"North Lima – Market St #7927","https://locations.arbys.com/oh/northlima/11634-market-st.html"
"Ottawa – N Perry St #7069","https://locations.arbys.com/oh/ottawa/1441-n-perry-st.html"
"Perrysburg – Baker Rd #8387","https://locations.arbys.com/oh/perrysburg/26530-baker-rd.html"
"Piqua – E Ash St #5657","https://locations.arbys.com/oh/piqua/1230-e-ash-st.html"
"Port Clinton – SE Catawba Rd #5884","https://locations.arbys.com/oh/portclinton/61-se-catawba-rd.html"
"Sidney – Michigan St #5793","https://locations.arbys.com/oh/sidney/1550-michigan-st.html"
"Tipp City – Weller Dr #6618","https://locations.arbys.com/oh/tippcity/17-weller-dr.html"
"Vandalia – E National Rd #724","https://locations.arbys.com/oh/vandalia/228-e-national-rd.html"
"Warren – E Market St #7375","https://locations.arbys.com/oh/warren/8265-e-market-st.html"
"Warren – W Market St #1927","https://locations.arbys.com/oh/warren/1001-w-market-st.html"
"Wintersville – Main St #6850","https://locations.arbys.com/oh/wintersville/226-main-st.html"
"Xenia – W Main St #1075","https://locations.arbys.com/oh/xenia/160-w-main-st.html"
"Youngstown – N Canfield-Niles Rd #1902","https://locations.arbys.com/oh/youngstown/701-n-canfield-niles-rd.html"
"Youngstown – Youngstown - Poland Rd #5775","https://locations.arbys.com/oh/youngstown/5166-youngstown-poland-rd..html"
"Zanesville – Sonora Rd #7247","https://locations.arbys.com/oh/zanesville/605-sonora-rd.html"
"Ontario – E Idaho Ave #6841","https://locations.arbys.com/or/ontario/653-e-idaho-ave.html"
"Roseburg – Grant Smith Rd #7531","https://locations.arbys.com/or/roseburg/280-grant-smith-rd.html"
"Dubois – Rich Hwy #6682","https://locations.arbys.com/pa/dubois/1688-rich-hwy.html"
"Hanover – South Baltimore St #8330","https://locations.arbys.com/pa/hanover/1340-south-baltimore-st.html"
"Mifflinville – West Third #7661","https://locations.arbys.com/pa/mifflinville/440-west-third.html"
"Milroy – Commerce Drive #7971","https://locations.arbys.com/pa/milroy/20-commerce-drive.html"
"Pittsburgh – Liberty Ave #8436","https://locations.arbys.com/pa/pittsburgh/808-liberty-ave..html"
"York – Keyway Dr #8404","https://locations.arbys.com/pa/york/2600-keyway-dr.html"
"Charleston – Sam Rittenberg Blvd #1114","https://locations.arbys.com/sc/charleston/1646-sam-rittenberg-blvd.html"
"Dillon – Hwy 34 West #7975","https://locations.arbys.com/sc/dillon/1911-hwy-34-west.html"
"Fair Play – Old Dobbins Bridge Rd #8359","https://locations.arbys.com/sc/fairplay/4238-old-dobbins-bridge-rd..html"
"Gaffney – Hyatt St #7419","https://locations.arbys.com/sc/gaffney/909-hyatt-st.html"
"Manning #9105","https://locations.arbys.com/sc/manning/2193-am-nash-road.html"
"North Charleston – 8089 Rivers Ave #5092","https://locations.arbys.com/sc/northcharleston/8089-rivers-ave.html"
"North Charleston – North Rhett Ave #8528","https://locations.arbys.com/sc/northcharleston/5714-north-rhett-ave..html"
"North Charleston – University Blvd #7370","https://locations.arbys.com/sc/northcharleston/8980-university-blvd.html"
"St. Matthews – Burke Rd #7329","https://locations.arbys.com/sc/st-matthews/1300-burke-rd.html"
"Rapid City – Mt Rushmore Rd #7220","https://locations.arbys.com/sd/rapidcity/2400-mt-rushmore-rd.html"
"Bristol – Volunteer Pkwy #1963","https://locations.arbys.com/tn/bristol/1315-volunteer-pkwy.html"
"Columbia – Bear Creek Pike #7784","https://locations.arbys.com/tn/columbia/1623-bear-creek-pike.html"
"Hurricane Mills – Hwy 13 S #7262","https://locations.arbys.com/tn/hurricanemills/15559-hwy-13-s.html"
"Jellico – 5th St #6416","https://locations.arbys.com/tn/jellico/1478-5th-st.html"
"Jonesborough – E Jackson Blvd #6060","https://locations.arbys.com/tn/jonesborough/405-e-jackson-blvd.html"
"Kingsport – Fort Henry Dr #1619","https://locations.arbys.com/tn/kingsport/4226-fort-henry-dr.html"
"Loudon #9017","https://locations.arbys.com/tn/loudon/222-elizabeth-lee-parkway.html"
"Murfreesboro – South Church St #7979","https://locations.arbys.com/tn/murfreesboro/2441-south-church-st.html"
"Newport – Cosby Hwy #5419","https://locations.arbys.com/tn/newport/822-cosby-hwy.html"
"Oneida – Scott Hwy #7391","https://locations.arbys.com/tn/oneida/15850-scott-hwy.html"
"Childress – Avenue F Nw #8448","https://locations.arbys.com/tx/childress/2301-avenue-f-nw.html"
"Cleveland – Fm 2025 #8282","https://locations.arbys.com/tx/cleveland/107-fm-2025.html"
"Cotulla #9020","https://locations.arbys.com/tx/cotulla/1963-s.-ih-35-suite-a.html"
"Fort Bliss – Luke Street #8408","https://locations.arbys.com/tx/fortbliss/11254-luke-street.html"
"Ft. Hood – 80th & Santa Fe #8401","https://locations.arbys.com/tx/ft-hood/49020-80th-santa-fe.html"
"Houston – North McCarty Street #7542","https://locations.arbys.com/tx/houston/3940-north-mccarty-street.html"
"Katy – Pederson Road #7543","https://locations.arbys.com/tx/katy/612-pederson-road.html"
"Kingsville – N Highway 77 #7639","https://locations.arbys.com/tx/kingsville/1451-n-highway-77.html"
"Midlothian – N Hwy 287 #7323","https://locations.arbys.com/tx/midlothian/1501-n-hwy-287.html"
"New Boston #9019","https://locations.arbys.com/tx/newboston/2980-us-hwy-82-w.html"
"Normangee – San Antonio Rd #8356","https://locations.arbys.com/tx/normangee/23456-san-antonio-rd..html"
"Seguin – IH 10 West #8378","https://locations.arbys.com/tx/seguin/3158-ih-10-west.html"
"Sulphur Springs – South Hillcrest Dr #7046","https://locations.arbys.com/tx/sulphursprings/1200-south-hillcrest-dr.html"
"Sweetwater – North I-20 #8416","https://locations.arbys.com/tx/sweetwater/9418-north-i-20.html"
"Waller – FM 2920 #7193","https://locations.arbys.com/tx/waller/30711-fm-2920.html"
"Wichita Falls – Holliday St #491","https://locations.arbys.com/tx/wichitafalls/501-holliday-st.html"
"Wichita Falls – Kemp Blvd #8312","https://locations.arbys.com/tx/wichitafalls/4601-kemp-blvd..html"
"Bountiful – S Main St #1663","https://locations.arbys.com/ut/bountiful/2489-s-main-st.html"
"Green River – Main Street #7214","https://locations.arbys.com/ut/greenriver/1810-main-street.html"
"Logan – South 100 W #8283","https://locations.arbys.com/ut/logan/1153-south-100-w..html"
"Nephi – E 100 N #6817","https://locations.arbys.com/ut/nephi/815-e-100-n.html"
"Provo – South 40th E #5260","https://locations.arbys.com/ut/provo/1474-s-40th-e.html"
"Salt Lake City – N Redwood Rd #7952","https://locations.arbys.com/ut/saltlakecity/25-n.-redwood-rd.html"
"Springville – West 500 South #8409","https://locations.arbys.com/ut/springville/1881-west-500-south.html"
"Tooele – S Main St #5518","https://locations.arbys.com/ut/tooele/251-s-main-st.html"
"West Valley City – South 5600 W #5669","https://locations.arbys.com/ut/westvalleycity/3535-s-5600-w.html"
"Bastian – North Scenic Highway #8667","https://locations.arbys.com/va/bastian/6168-north-scenic-highway.html"
"Covington – Durant St #6694","https://locations.arbys.com/va/covington/1410-durant-st.html"
"Danville – River Point Dr #7937","https://locations.arbys.com/va/danville/110-riverpoint-dr.html"
"Dublin – Cleburne Blvd #7947","https://locations.arbys.com/va/dublin/4675-cleburne-blvd.html"
"Emporia – Market Dr #6378","https://locations.arbys.com/va/emporia/109-market-dr.html"
"Franklin – Armory Dr #7093","https://locations.arbys.com/va/franklin/1504-armory-dr.html"
"Fredericksburg – Warrenton Rd #1519","https://locations.arbys.com/va/fredericksburg/164-warrenton-rd.html"
"Front Royal – N Royal Ave #5195","https://locations.arbys.com/va/frontroyal/1204-n-royal-ave.html"
"Harrisonburg – S Carlton St #1480","https://locations.arbys.com/va/harrisonburg/58-s-carlton-st.html"
"Harrisonburg – S High St #7560","https://locations.arbys.com/va/harrisonburg/1781-s-high-st.html"
"Leesburg – Potomac Station Drive, NE #7732","https://locations.arbys.com/va/leesburg/605-potomac-station-drive-ne.html"
"Madison Heights – S Amherst Hwy #1258","https://locations.arbys.com/va/madisonheights/4783-s-amherst-hwy.html"
"Roanoke – Brandon Ave #211","https://locations.arbys.com/va/roanoke/685-brandon-ave.html"
"Roanoke – Jamison Ave SE #1564","https://locations.arbys.com/va/roanoke/1401-jamison-ave-se.html"
"Roanoke – Williamson Road NW #429","https://locations.arbys.com/va/roanoke/5442-williamson-road-nw.html"
"Rocky Mount – N Main St #6853","https://locations.arbys.com/va/rockymount/1800-n-main-st.html"
"Salem – West Main Street #6690","https://locations.arbys.com/va/salem/2101-west-main-street.html"
"Staunton – Lee Jackson Hwy #7105","https://locations.arbys.com/va/staunton/3541-lee-jackson-hwy.html"
"Stephens City – Fairfax Pike #7558","https://locations.arbys.com/va/stephenscity/191-fairfax-pike.html"
"Stuarts Draft – Stuarts Draft Hwy #6595","https://locations.arbys.com/va/stuartsdraft/2566-stuarts-draft-hwy.html"
"Toms Brook – Mount Olive Rd #7426","https://locations.arbys.com/va/tomsbrook/1015-mount-olive-rd.html"
"Waynesboro – Rosser Ave #1470","https://locations.arbys.com/va/waynesboro/204-rosser-ave.html"
"Winchester – Berryville Ave #5905","https://locations.arbys.com/va/winchester/1010-berryville-ave.html"
"Winchester – Foxridge Ln #7413","https://locations.arbys.com/va/winchester/140-foxridge-ln.html"
"Winchester – Hope Dr #7578","https://locations.arbys.com/va/winchester/331-hope-dr.html"
"Moses Lake – N Stratford Rd #1912","https://locations.arbys.com/wa/moseslake/710-n-stratford-rd.html"
"Moses Lake – S Maiers Rd #6732","https://locations.arbys.com/wa/moseslake/2441-s-maiers-rd.html"
"Pasco – Road 68 #7646","https://locations.arbys.com/wa/pasco/5115-road-68.html"
"Crawley – Midland Trail #8584","https://locations.arbys.com/wv/crawley/15056-midland-trail.html"
"Martinsburg – Administrative Dr #7958","https://locations.arbys.com/wv/martinsburg/217-administrative-dr.html"
"Nitro – First Ave #6786","https://locations.arbys.com/wv/nitro/4304-first-ave.html"
"Princeton – Oakvale Rd #8249","https://locations.arbys.com/wv/princeton/1000-oakvale-rd.html"
"Sutton – Sutton Ln #8256","https://locations.arbys.com/wv/sutton/2001-sutton-ln.html"
"Weirton – Three Springs Dr #7020","https://locations.arbys.com/wv/weirton/222-three-springs-dr.html"
"Wheeling – National Rd #7314","https://locations.arbys.com/wv/wheeling/2058-national-rd.html"
"Ashland – Lakeshore Dr #8305","https://locations.arbys.com/wi/ashland/824-lakeshore-dr.html"
"Beaver Dam – Frances Ln #8239","https://locations.arbys.com/wi/beaverdam/111-frances-ln.html"
"Franksville – Northwestern Ave #6251","https://locations.arbys.com/wi/franksville/13712-northwestern-ave.html"
"Madison – Collins Ct #6738","https://locations.arbys.com/wi/madison/4-collins-ct.html"
"Rhinelander – Northern Stevens St #8524","https://locations.arbys.com/wi/rhinelander/2219-northern-stevens-st..html"
"Rothschild – County Trunk Hwy #7923","https://locations.arbys.com/wi/rothschild/1531-county-rd-xx.html"
"Stevens Point – Church Street #6070","https://locations.arbys.com/wi/stevenspoint/3115-church-street.html"
"Wausau – North 20th Avenue #7787","https://locations.arbys.com/wi/wausau/2601-north-20th-avenue.html"
"Weston – Adventure Way #7782","https://locations.arbys.com/wi/weston/10002-adventure-way.html"
"Cheyenne – Yellowstone Rd #7434","https://locations.arbys.com/wy/cheyenne/5250-yellowstone-rd.html"
"Gillette – S Douglas Hwy #5069","https://locations.arbys.com/wy/gillette/2720-s-douglas-hwy.html"
"Sheridan – Coffeen Ave #5528","https://locations.arbys.com/wy/sheridan/1777-coffeen-ave.html"
"Wheatland – 16th St #5439","https://locations.arbys.com/wy/wheatland/91-16th-st.html"
